date,Battery (Charging) -  GWh,Pumps -  GWh,Coal (Brown) -  GWh,Coal (Black) -  GWh,Bioenergy (Biomass) -  GWh,Distillate -  GWh,Gas (Steam) -  GWh,Gas (CCGT) -  GWh,Gas (OCGT) -  GWh,Gas (Reciprocating) -  GWh,Gas (Waste Coal Mine) -  GWh,Battery (Discharging) -  GWh,Hydro -  GWh,Wind -  GWh,Solar (Utility) -  GWh,Solar (Rooftop) -  GWh,Coal (Brown) Emissions Vol - tCO₂e,Coal (Black) Emissions Vol - tCO₂e,Bioenergy (Biomass) Emissions Vol - tCO₂e,Distillate Emissions Vol - tCO₂e,Gas (Steam) Emissions Vol - tCO₂e,Gas (CCGT) Emissions Vol - tCO₂e,Gas (OCGT) Emissions Vol - tCO₂e,Gas (Reciprocating) Emissions Vol - tCO₂e,Gas (Waste Coal Mine) Emissions Vol - tCO₂e,Emissions Intensity - kgCO₂e/MWh,Volume Weighted Price - AUD/MWh,Battery (Charging) Market Value - AUD,Pumps Market Value - AUD,Coal (Brown) Market Value - AUD,Coal (Black) Market Value - AUD,Bioenergy (Biomass) Market Value - AUD,Distillate Market Value - AUD,Gas (Steam) Market Value - AUD,Gas (CCGT) Market Value - AUD,Gas (OCGT) Market Value - AUD,Gas (Reciprocating) Market Value - AUD,Gas (Waste Coal Mine) Market Value - AUD,Battery (Discharging) Market Value - AUD,Hydro Market Value - AUD,Wind Market Value - AUD,Solar (Utility) Market Value - AUD,Solar (Rooftop) Market Value - AUD
1/1/2018,-3.67,-15.09,3253.98,10135.59,21.51,4.96,322.3,1262.87,262.93,0,68.06,2.94,1089.19,976.94,71.18,798.95,3880642.27,9144498.96,617.7,5314.47,182386.96,579469.87,158643.26,0,41587.72,766.64,107.54,338977.36,927978.66,420062740.1,785016991,1675542.92,8278465,88548306.82,140055960,100060043.6,0,5165144.13,1370879.84,173796798.5,104227619.7,6022488.47,111652067.4
2/1/2018,-4.09,-10.57,2947.4,9041.91,16.25,5.85,250.87,1044.25,201.1,0,60.28,3.43,937,964.36,64.91,668.77,3515952.7,8135880.61,428.79,6218.81,142480.33,478871,117885.01,0,36877.03,767.96,85.88,337975.01,674958.33,282971694.3,665411020.1,1227935.71,2069428.03,38398849.03,95067818.29,36316049.75,0,4310144.61,546607.3,99056227.06,80357972.34,5114231.88,67754367.4
3/1/2018,-3.23,-4.34,2936.13,9470.52,1.85,1.08,192.48,1170.65,134.67,0,68.46,2.57,1114.8,1134.15,73.66,658.26,3495236.44,8524262.74,108.88,1173.84,109176.42,537251.35,77695.59,0,41770.73,754.3,70.43,215035.37,237406.85,222140280.9,620730446.9,157191.27,76655.2,17638887.89,84924199.76,12404603.59,0,4276793.94,246161.62,88419225.04,78977484.7,5007007.28,47440661.06
4/1/2018,-4.16,-21.87,3053.17,8521.6,4.11,1.03,252.43,756.9,325.85,0,61.84,3.33,1403.75,872.94,80.89,559.41,3623719.98,7671541.67,203.69,1252.07,143561.46,348117.9,191731.38,0,37902.64,757.22,75.07,295141.42,1294832.6,228017269.3,601664320.1,290773.35,1017828.98,27977458.64,56122771.62,33664651.48,0,3959071.6,547066.73,115907031.1,61151142.8,6106356.12,43592420.93
5/1/2018,-5.02,-26.34,3214.9,9118.69,2.01,0.42,276.46,647.33,356.56,0,65.12,4.18,1510.16,1215.26,81.91,470.93,3816240.72,8215247.66,113.75,473.74,157644.84,301330.96,209866.46,0,39816.63,752.44,77.19,363442.61,1513605.34,253822487.6,664474653.1,161078.1,63860.38,28112234.65,47276974.32,36692959,0,4227102.28,481997.39,127584230.8,87522635.35,5791873.3,31369207.31
6/1/2018,-3.97,-47.11,3236.59,9371.39,7.89,1.89,365.6,668.17,407.85,0,63.08,3.27,1939.74,1051.07,83.05,430.52,3861114.89,8448411.34,316.46,1838.38,208340.35,304278.81,242663.49,0,38470.92,745.51,95.87,320617.83,2949567.53,304186378.3,850260710.6,671538.25,371634.43,44846863.36,67967394.78,56249152.25,0,5005093.04,509090.49,185220442.9,87386509.56,6502801.39,32756090.67
7/1/2018,-4.07,-14.56,3298.98,9518.78,24.7,2.93,276.26,628,228.83,0,65.16,3.32,1823.36,1622.03,115.66,515.51,3945641.05,8579782.02,700.13,3602.79,158497.5,278640.73,136801.75,0,39681.22,725.96,76.47,145134.8,776850.98,233323321.6,704789146.7,1760886.61,3619108.35,38196075.31,67335339.03,35093420.23,0,4500066.95,629683.22,113877161.5,104269995.7,7535144.94,31766864.35
8/1/2018,-4.41,-36.87,3185.71,8864.12,38.99,1,252.37,722.69,335.17,0,52.58,3.62,1953.11,1636.34,161.2,656.43,3815963.61,7979037.6,1031.91,780.08,144745.79,323009.74,197527.49,0,32120.55,701.05,86.16,178570.64,2323958.87,251611265.3,796120069.5,3233475.43,155906.88,24813587.11,66270381.42,42296366.56,0,4387501.39,359730.11,115800434.9,109828912.3,11587494.39,43351474.47
9/1/2018,-3.91,-89.74,2648.85,8701.83,36.12,0.42,290.59,556.31,313.36,0,56.39,3.11,1492.6,1220.89,196.72,761,3148304.38,7830519.57,918.03,367.63,164804.17,238251.09,187825.52,0,34228.59,717.06,91.79,247988.97,5580116.24,244339280.3,773713919.8,2935266.56,56568.48,35354273.88,56664312.81,41596613.51,0,4564906.72,353118.29,117206506.5,93367894.87,14731354.99,54795621.19
10/1/2018,-4.13,-66.97,2763.96,9133.34,34,1.23,159.93,471.02,300.19,0,54.74,3.35,1069.03,1218.27,248.93,800.23,3281752.85,8207087.55,838.76,1574.96,91884.56,215840.12,177803.79,0,33056.08,741.94,91.51,337677.39,4137191.53,277101196.6,774257532.7,2678679.61,162929.87,18805126.26,46016295.09,36934773.53,0,4290376.72,434357.67,110658976.7,105601926.1,20771363.89,66169593.26
11/1/2018,-5.38,-82.82,2537.34,8914.46,24.87,1.21,208.18,610.29,263.5,0,53.22,4.42,1158.74,1171.79,324.65,913.85,3012789.99,8019367.6,679,1358.1,119180.61,273111.25,152720.55,0,32165.38,721.28,93.02,460066.14,5540514.14,248568783.2,791402311,2250799.34,116408.69,23215196.95,62414533.88,31478290.25,0,4722723.24,510074.79,109387654.8,102822963.5,28149520.08,78874374.56
12/1/2018,-4.7,-67.52,2921.52,9488.8,19.75,1.85,218.01,608.44,195.2,0,41.02,3.97,1214.97,1228.91,368.47,975.59,3462315.54,8547530.48,581.2,1901.64,124526.05,272521.22,115442.61,0,25088.98,729.04,88.73,332991.59,4107426.95,267562433.2,792515424.4,1703189.52,481707.25,27231730.79,60553401.11,27098619.06,0,3147934.15,455935.77,105893880,100988494.9,33072432.33,89707920.92
1/1/2019,-5.35,-105.19,2971.19,10303.61,17.71,3.68,411.97,962.05,558.42,0,63.15,4.16,1151.67,1135.05,370.71,1035.39,3533620.76,9282377.96,457.45,3964.25,232994.26,424370.58,340226.47,0,38461.34,733.99,185.08,664672.77,7562964.35,695926853.3,1140520059,1806340.33,27591306.09,219972335.1,172111822.6,307494954.5,0,5945686.2,3310400.17,386842116.4,186732886.5,65393629.68,189146276.6
2/1/2019,-4.64,-71.11,2771.89,8711.17,18.54,2.47,205.32,1047.32,292.6,0,54.52,3.6,745.17,1205.6,342.44,869.11,3302058,7853185.29,521.33,2657.65,116622.7,469703.11,172602.71,0,33195.58,737.96,100.2,385309.99,4716337.98,307800964.4,772322692.7,1604589.6,398941.89,30482800.51,109991158.7,43408083.74,0,4569714.44,488308.8,101714225.8,114010143,32729718.86,88378131.35
3/1/2019,-6.21,-52.48,3231.87,9347.22,18.46,1.51,271.18,1143.83,274.73,0,61.5,5.04,808.95,1169.34,347.78,834.38,3845117.27,8435922.7,468.63,1655.41,153288.21,506967.46,163338.74,0,37678.15,752.96,109.19,515643.79,3263002.92,429682741.3,803566769,1485378.08,4026322.28,57476865.29,123254589.8,68874136.34,0,4979663.49,1524306.13,135976316.7,114954370.7,37498590.69,97520953.03
4/1/2019,-5.95,-40.03,2595.7,8714.01,5.61,1.9,287.47,612.52,176.01,0,64.62,4.67,921.38,1232.57,346.94,716.05,3092261.49,7814512.48,266.88,2016.18,161532.84,289739.21,105458.45,0,39467.3,735.94,84.19,493407.64,2281595.08,254373166.1,653468748.7,415343,235002.46,32137149.15,54567589.08,19374797.08,0,4421974.25,496531.66,97449849.86,101289427,25217898.82,54502831.52
5/1/2019,-6.55,-35.43,2679.82,9143.14,0.11,2.86,361.57,708.93,340.84,0,69.76,5.17,1284.25,1478.57,299.43,588.42,3222749.37,8223556.94,35.17,3018.55,205411.09,340258.17,196568.31,0,42531.24,723.02,83.52,463587.8,1999959.56,244697424.6,710442441.1,62175.54,316919.21,35932507.8,60325408.08,36152966.6,0,5073703.92,519164.89,122715991.9,117600249,20490013.99,41104081.94
6/1/2019,-7.15,-44.84,2978.58,9088.37,18.4,5.17,382.92,802.7,332.87,0,67.55,5.89,1636.51,1315.96,296.19,501.55,3566142.76,8210498.47,400.97,5118.03,217828.22,355749.81,200393.08,0,41167.5,724.79,97.09,577137.97,2783000.23,303521523.8,819973646.8,1467213.41,881098.45,46225301.82,80542133.37,48991433.84,0,5702396.21,770612.28,184440490,106643870.4,22311517.75,37817192.12
7/1/2019,-7.37,-77.03,2780.22,9348.24,27.96,1.79,373.25,841.25,323.05,0,69.56,5.88,1547.27,1731.04,358.52,617.16,3307312.43,8429953.95,751.94,1838.32,210720.42,358435.45,189989.99,0,42353.5,699.04,76.67,309500.37,4025885.9,236858933.5,665310845.3,1895112.53,151240.73,36647030.39,67186459.18,34067636.99,0,4610757.93,597218.43,129454456.1,117803306.2,20773667.78,34628846.67
8/1/2019,-8.65,-85.51,2614.33,9012.59,36.65,1.95,426.6,930.68,423.77,0,67.1,7.11,1462.44,1703.66,449.24,797.36,3113863.32,8162265.97,929.35,1908.69,240275.17,389559.15,258018.41,0,40940.04,684.32,87.83,487382.59,4098178.64,276158329.6,692198114.7,2302464.38,215372.25,50990461.28,84015828.35,59226414.5,0,4155315.72,1043022.19,144418595.2,119412545.4,22432532.74,36718737.39
9/1/2019,-8.07,-52.54,2378.82,7925.47,31.78,1.39,416.49,812.63,418.56,0,61.77,6.6,1208.46,1453.93,480.89,965.15,2839244.86,7174992.76,817.48,1257.35,234428.86,356967.87,257023.71,0,37572.52,677.11,88.99,473519.59,2792713.79,248191134.4,639310005.8,2049043.56,280501.51,48006015.88,71128723.99,57906175.77,0,3710052.95,792249.73,103279315.3,103846944.5,24775541.01,45908384.77
10/1/2019,-7.56,-74.11,2658.72,7951.1,21.19,2.04,387.26,892.98,394.89,1.26,59.28,6.21,971.75,1404.89,523.73,1135.74,3153210.58,7214239.11,568.36,1840.08,216643.13,388526.27,233098.03,743.42,36085.24,688.63,95.21,329250.98,4704335.46,269401623.5,705425219.7,1659527.43,352735.82,42193581.53,82033058.12,48434744.67,68929.45,4480265.06,636425.13,109848404.7,102400927.8,36565354.25,76665005.35
11/1/2019,-7.68,-53.31,2663.5,8160.48,22.38,1.4,185.93,678.44,211.39,10.01,52.07,6.26,999.27,1590.73,616.18,1225.88,3153989.67,7376889.41,560.63,1271.15,106240.31,300226.99,122434.02,5904.28,31638.48,678.31,67.76,272699.46,2471462.39,180981698.8,547308793.1,1446619.78,128681.92,12879721.78,47513445.99,18224508.58,428644.49,3215341.35,382904.24,72870258.64,93318312.39,33130675.53,59322621.44
12/1/2019,-8.11,-30.46,2937.15,9082.35,18.58,1.32,188.45,615.21,206.57,47.8,61.94,6.73,992.86,1512.77,682.34,1368.35,3507361.92,8197214.75,562.75,1474.52,107082.04,280376.92,125162.51,28187.63,37814.09,694.71,63.68,392703.52,1283651.98,182825225.1,496399098.4,1086942.82,3121583.34,34039240.73,51923009.56,36495536.29,3931121.06,3389370.04,1526913.49,69156526.16,88253278.89,36587644.21,75835849.16
1/1/2020,-7.36,-47.12,3109.18,9512.58,11.06,1.92,180.18,856.27,230.48,35.31,59.86,6.09,1074.44,1431.45,568.58,1218.27,3713823.36,8576155.69,286.35,1848.45,102349.55,377751.2,138695.03,20824.79,36546.88,710.93,156.87,589485.94,2429210.01,464152399.2,1179756563,689528.52,5961552.27,57969345.52,112571519.9,188222669.5,6945618.8,3982274.7,2021028.05,275757656.9,128067282.7,70457814.75,155294345
2/1/2020,-4.96,-54.56,2884.47,8541.23,18.83,3.71,187,843.78,346.81,15.05,50.4,3.8,1049.23,1212.45,528.4,1031.62,3449644.31,7707059.91,384.83,3769.72,107377.2,366660.21,200143.95,8873.74,30491.47,712.87,57.24,104700.06,2677806.58,139532565,491294004.1,1028921.12,1159032.41,16058360.17,55750257.83,25304213.21,1191074.47,2706793.05,228864,55791669.19,55620481.69,29396698.92,53735030.8
3/1/2020,-6.2,-30.98,2903.09,8208.2,3.09,0.28,170.45,934.78,169.77,28.36,60.42,4.88,1068.16,1532.04,550.26,1093.93,3454117.38,7403902.33,71.34,435.41,96987.93,412307.88,97529.7,16725.75,36806.73,690.15,44.8,172167.68,894546.99,124169482.9,367387938.4,190297.69,51446.53,9146060.21,42753693.7,10508693.51,1753916.2,2483211.92,221044.1,45101289.12,58726387.84,20999174.47,46214809.59
4/1/2020,-6.65,-39.38,2774.57,7606.62,0.48,0.1,180.13,730.56,54.05,23.89,61.8,5.14,1228.37,1448.64,483.78,902.86,3298343.41,6822970.41,44.47,221.48,102331.9,326502.22,33310.45,14085.44,37735.05,688.16,38.3,163493.36,698420.33,95751367.57,305235764.6,34588.5,9172.86,8807477.02,30761567.86,3331014.26,1471879.86,2289095.22,204127.89,38450805.21,39590666.36,13895354.58,24646812.57
5/1/2020,-7.39,-40.53,2828.13,8310.93,-0.52,0.11,196.77,848.24,135.93,37.93,60.52,5.72,1479.79,1728.95,432.76,783.02,3341046.33,7466806.52,1,163.39,111863.36,373382.24,81951.74,22369.29,36828.88,680.6,39.29,217105.5,371941.8,106930068.8,320984698.4,3033.01,6620.27,10277097.9,35672136.14,8357122.02,2154622.25,1941619.13,251530.89,61649866.79,55914145.22,11551348.48,17539461.31
6/1/2020,-7.75,-41.28,3195.87,8521.25,13.94,0.46,193.17,1055.18,206.53,43.65,57.37,6.24,1527.47,1492.89,370.61,679.11,3799762.23,7648287.28,290.49,517.55,110501.3,456930.07,124034.79,25741.64,34821,704.65,46.95,287750.13,1026221.95,159323675.4,371152191.3,453463.75,159064.38,14906653.82,50149839.48,16997072.89,3595902.53,1902445.9,601448.73,75590763.75,54104165.11,11304274.29,21800764.67
7/1/2020,-7.03,-35.7,2866.18,9227.39,14.66,0.21,345.23,1133.19,376.58,71.57,65.41,5.42,1541.34,1389.74,440.04,733.23,3404664.36,8280485.92,334.05,268.96,197046.07,489252.46,225816.38,42207.71,39836.34,697.95,52.74,330536.21,771297.4,181301010.6,419623106.9,607316.24,20073.92,25608849.91,60140125.01,28563911.18,5269931.31,2499676.79,456019.47,100991466.5,64933299.71,15718267.82,27128814.5
8/1/2020,-7.24,-47.63,2932.1,8608.47,21.92,0.58,244.81,803.36,268.86,51.93,57.4,5.75,1221.9,1991.26,493.84,978.93,3455826.32,7697388.42,591.31,704.01,139964.83,351234.06,162148.97,30624.55,35188.32,673.64,48.91,200498.79,379075.36,158097187.3,372609124.9,703566.35,34371.82,15950634.62,39771204.03,20252793.83,3703533.78,1810869.99,436698.67,77808582.34,84849607.83,12209649.51,24323984.09
9/1/2020,-11.68,-51.81,2674.32,7513.7,31.47,0.34,130.74,436.15,127.62,32.19,56.71,9.71,1047.54,2060.42,586.02,1148.27,3175950.46,6725499.08,792.52,340.43,74899.96,194021.64,76791.13,18980.4,34536.12,652.36,36.1,-78310.8,449103.51,93331374.05,273957106.5,909618.69,16812.02,4209426.48,13325030.53,7680614.43,1642694.7,1605890.04,252344,45225185.28,54919984.14,10647080.34,15185763.66
10/1/2020,-11.96,-47.53,2486.23,7606.98,30.71,0.59,73.32,772.76,150.19,17.92,55.45,10.15,1205.12,1762.67,646.99,1328.45,2971569.72,6841067.49,781.37,712.89,41910.63,337798.7,90275.77,10569.85,33782.38,642,48.31,112954.51,913437.19,113540751.5,361927615.9,1136261.33,40580.55,2809760.57,38008068.09,12913047.47,1520562.53,1990708.04,646884.76,68271797.01,60489092.94,21748130.01,40672294.66
11/1/2020,-11.07,-53.72,2629.02,7910,25.83,0.92,113.87,613.56,130.04,25.37,45.47,9.49,951.76,1713.48,793.31,1593.22,3104555.24,7140416.59,616.69,954,64724.64,271712.65,78336.18,14962.19,27497.09,649.08,57.19,168790.1,1474618.68,117930030.7,459916535.1,1236399.48,81692.89,6093400.02,35784191.15,12104174.23,1817514.52,2098163.96,546802.66,74376076.27,73253185.51,39468730.85,72070651.85
12/1/2020,-15.48,-56.74,2950.83,8118.84,11.65,4.19,104.87,619.6,128.14,7.04,50.08,13.04,919.86,1909.95,807.27,1551.85,3505680.43,7283662.32,313.87,4339.46,59842.89,277629.6,76810.53,4149.26,30350.55,656.51,57.14,817.72,1996675.37,77675141.85,530177767.8,676578.33,626661.3,3199856.57,39220536.75,17709078.47,485714.07,2755598.35,365020.5,78127761.01,50611711.24,43736542.27,68511601.76
1/1/2021,-14.05,-26.77,3100.65,8249.49,11.2,1.84,114.74,613.37,63.16,13.03,51.29,11.5,1026.79,1863.48,811.83,1590.35,3702980.81,7403081.98,258.38,2008.16,65669.02,269999.99,38616.45,7686.1,31163.76,659.05,38.02,108663.57,746929.54,75784827.55,338599441.1,473882.06,684500.76,6913750.7,27408793.94,5808160.19,1674955.63,2008492.53,553757.5,45181880.99,50430756.04,24332785.66,42607938.14
2/1/2021,-8.53,-10.42,2947.62,7506.94,14.62,1.56,101.16,516.7,61.12,7.33,38.28,6.9,979.44,1573.46,750.31,1346.66,3516527.88,6730574.42,336.62,1712.8,58229.07,232826.77,37192.57,4322.26,23164.94,669.79,35.57,-55567.34,311878.03,68925624.85,297030889.3,590832,363694.38,4290435.65,23320490.35,5016076.49,555672.65,1638617.94,253675.3,36266460.69,39726154.77,21392461.85,31823109.07
3/1/2021,-9.54,-28.7,3131.24,8015.14,1.79,2.77,106.28,559.8,106.03,30.83,41.79,7.71,1223.32,1700.43,746.42,1261.69,3727398.09,7204437.2,118.68,3014.02,61176.32,252811.18,63410.56,18183.27,25315.61,672.06,43.85,271938.96,682362.37,95914003.97,355346726.9,101959.47,6512847.93,11410650.02,39460294.3,21968376.29,2005633.23,1964620.08,1132696.66,46940195.65,56482977.45,22355543.94,28731114.22
4/1/2021,-11.77,-54.23,2744.47,7819.32,0.88,2.11,143.54,475.98,150.54,42.55,49.99,9.37,1312.62,1481.62,678.24,1115.78,3256187.31,6993361.06,62.41,2264.16,82647.65,217974.39,97209.81,25091.05,30240.87,670.7,57.07,373834.11,1136336.63,136746830.6,460813851.9,71259.44,391460.34,11572016.39,36136501.77,20751560.16,4225623.69,2657326.36,890957.65,68015376.23,53109434.67,22347118.65,30627898.71
5/1/2021,-12.8,-53.61,2920,8266.2,0.84,19.82,156.93,536.17,305.34,33.35,53.41,10.24,1493.79,1834.74,607.15,906.5,3468421.89,7407897.79,62.42,20695.38,90360.05,249988.69,193840.94,19664.57,32355.51,672.4,111.88,399232.59,1291050.9,203956616.6,959185250.7,86479.54,14509443.94,18385838.53,76736192.4,107107274.1,5965226.78,6854581.97,1922569.22,195738444.6,97884447.67,28695539.67,38529210.35
6/1/2021,-12.93,-89.85,2736.73,8297.71,14.9,14.87,323.87,927.09,504.97,45.69,48.32,10.37,1710.65,1919.66,445.54,770.87,3214265.73,7434236.97,338.88,15544.63,182054.02,408400.82,313215.93,26940.74,29068.03,657.9,168.19,740853.34,4382419.76,234479467.6,1566004849,2912937.92,11526734.27,37057529.92,218446161.8,189859593.8,5566448.27,11010517.04,1286530.7,264235639.1,164171237.7,36035340.7,56681600.05
7/1/2021,-14.58,-146.53,3165.39,8753.63,25.98,33.19,209.68,724.9,364.03,41.11,39.09,11.92,1540.26,2472.71,517.19,904.12,3767342.77,7882882.4,567.81,34773,119229.56,320752.33,215887.73,24240.28,23519.62,664.58,126.2,761144.05,7438778.72,298411850.6,1196300117,3743520.18,14956325.24,34762400.87,125681820.4,102101954.8,7706941.33,5406149.47,1742003.68,176932343.3,169119110.1,37315727.86,60072601.77
8/1/2021,-14.03,-59.04,2678.9,8201.76,32.88,3.25,178.77,640.87,213.57,32.98,40.48,11.28,1426.66,2233.58,664.58,1214.82,3186058.86,7371455.5,826.75,3568.29,101503.22,285090.58,127188.12,19450.32,24230.64,635.34,57.37,142669.77,786047.09,134402090.8,509008140.1,1871208.24,412543.27,14836187.07,43520996.62,23949007.43,3521796.12,2198677.61,918339.56,63016175.37,84883107.86,17476753.95,18746238.49
9/1/2021,-11.4,-67.39,2369.65,7264.11,20.93,3.5,96.99,540.02,99.08,16.72,39.84,9.11,1338.68,2148.43,755.13,1487.16,2812305.43,6509397.93,543.29,3836.73,55368.04,233299.21,60137.44,9861.03,23719.98,602.62,46.73,-139379.72,-195510.19,77694586.76,404267895.6,1353730.91,451905.19,4481553.33,31479922.79,10308480.73,1677326.86,2145452.61,503870.3,49182879.44,54465840.09,14399845.9,7997337.62
10/1/2021,-14.13,-68.89,2591.48,7191.7,27.54,8.04,75.3,474.28,120.83,11.02,42.82,11.45,1343.34,1919.74,892.66,1783.73,3062033.39,6459289.39,708.85,8579.13,43066.44,216128.95,74254.29,6497.04,25818.75,603.04,52.11,-204295.9,-518854.37,61350860.64,485727812.3,2066833.74,1422897.85,2303866.7,30122671.68,14444932.22,1116742.09,2967451.68,693581.48,51178954.94,47820764.62,23502717.96,12612169.79
11/1/2021,-20.86,-53.22,2388.11,7404.4,18.49,2.53,70.5,452.57,115.82,12.31,44.43,16.38,1340.64,1928.97,738.98,1673.54,2818639.06,6659809.39,480.23,2773.97,40432.66,206493.4,70760.9,7258.62,26996.57,609.51,70.03,253603.94,1902241.04,93453042.06,622869867.3,1955251.47,558800.88,3166360.59,41964130.13,20681486.98,1239343.45,4421027.81,955425.82,74814445.66,71119228.79,45046347.44,76892400.33
12/1/2021,-17.54,-72.86,2738.27,7509.3,12.06,5.9,66.29,557.7,96.12,13.72,47.31,12.54,1069.44,1886.39,1215.2,2114.03,3236964.31,6756736.87,317.71,6361.1,37805.84,248795.91,59961.97,8091.75,28727.13,601.82,90.32,368001.7,2983270.27,102822817.6,785544667.8,1536998.86,10027496.3,9259784.19,101233315.1,41681237.12,4878494.34,6073867.75,2064007.86,94734935.97,83703587.94,63420820.96,90693711.01
1/1/2022,-19.89,-87.48,3065.88,8049.22,12.29,3.68,113.86,660.15,184.19,13.15,41.16,12.98,1190.91,2019.09,1152.18,1924,3645601.65,7254463.08,255.61,4027.49,64070.54,289679.77,113179.47,7753.67,24873.53,621.96,102.64,887455.34,6779556.2,195479007.2,895238762,1621649.27,5467447.45,21924748.53,101790720.1,62175189.59,4910189.47,5654536.27,2916104.36,128832023.7,119884304.2,93173417.1,161471617.6
2/1/2022,-27.46,-78.16,2459.18,7107.81,6.42,3.01,97.75,578.41,168.32,4.42,38.98,13.81,1000.91,1911.06,1075.51,1729.53,2895083.5,6396981.33,138.08,3240.33,54605.75,252820.96,103493.84,2606.37,23686.12,604.91,111.78,1043229.75,4967192.08,144445357.4,909074703.7,1384790.3,10587072.9,7781694.58,102959432.9,71185739.95,522869.96,5933086.73,1211756.3,116436654.2,119269993.4,87054340.57,142558991.2
3/1/2022,-31.41,-57.96,2998.41,7808.11,-0.5,1.77,96.38,755.28,208.02,16.84,35.56,16.77,1132.06,1868.45,1019.98,1604.94,3570008.42,7007674.24,0,1987.18,54295.81,325445.67,127370.97,9929.75,21275.64,636.31,112.13,1379170.39,4732525.82,181014241.5,1027114573,0,4993226.87,9619678.76,115621998.7,67572364.58,2855848.27,4881281.91,1994788.92,129424989.6,118256272.2,80407050.41,112636366.1
4/1/2022,-41.69,-105.7,2579.83,7222.43,-0.44,4.3,255.44,450.33,384.05,45.99,45.77,25.14,1109.82,1816.31,776.26,1267.62,3049170.27,6468759.5,0,4720.11,142031.28,209675.59,238689.96,27119.94,27897.35,642.11,192.04,4296981.02,11272481.66,371394060,1520010249,0,2992629.02,51041812.76,102769654.7,104013253.3,10269729.36,9908471.52,5892240.44,219571955.8,261841115,100863805.2,160350116.7
5/1/2022,-40.66,-160.87,2843.47,7468.01,-0.56,19.62,173.71,891.13,493.27,41.82,49.53,29.08,1894.35,1980.69,671.33,953.72,3382859.17,6697845.16,0,21847.5,97494.94,389116.37,324569.23,24663.77,30155.66,633.74,317.08,6733872.91,37008905.62,676981176.3,2554322986,0,19959845.15,51728579.54,334301491.8,225777094.7,13259732.84,17263840.01,14661637.06,598331267.1,480254183.6,151229836.1,202030231.8
6/1/2022,-34.47,-176.39,2667.19,7622.04,5.73,32.21,235.08,1002.13,678.08,52.53,46.97,27.26,1885.32,2574.31,600.65,939.31,3165782.47,6837715.32,125.4,33784.97,131915.93,436864.41,421324.81,30975.76,28696.95,610.6,383.89,7147901.19,44898623.02,797690142.2,3134743185,1840216.5,15189522.74,92589405.13,431497508.7,331068702.4,22790171.34,18998684.49,15301681.32,756427314.7,742427429.1,156722733.6,234746786
7/1/2022,-40.03,-177.57,2760.28,8516.72,3.94,12.29,244.69,903.93,603.48,51.78,46.38,33.86,1760.2,2416.36,747.33,1025.2,3278136.43,7625735.43,89.65,9569.73,137856.51,393512.37,377767.78,30534.59,28387.02,628.36,392.38,8230251.34,36362993.87,939841309.7,3366382876,1259943.58,10065074.66,125170142.1,443796471.2,357086937.2,27347326.81,18382590.16,17837996.75,733913811.9,690006851,178752907.3,214635861.7
8/1/2022,-38.45,-128.94,2561.14,8138.58,25.17,1.53,166.22,545.04,380.54,43.26,43.27,31.79,1491.56,2752.31,802.59,1301.51,3050146.63,7298507.44,509.43,1374.44,93285.28,245239.71,230349.01,25508.58,26580.82,605.59,150.9,2396838.5,4662158.87,326469919.9,1241539328,3577580.26,2411075.85,40474893.32,110253507.1,106512398,15035279.6,6047911.41,8856232.7,270382712.8,275199516.5,62135692.45,78649761.86
9/1/2022,-33.39,-148.09,2591.5,7247.01,25.84,2.6,114.51,450.55,206.28,33.96,28.93,27.61,1445.41,2224.36,915.28,1533.83,3080518.92,6528565.9,523.17,2912.89,64498.4,201331.06,125670.52,20023.64,18246.46,602.56,154.06,1660924.55,5042190.01,310151787.8,1203139701,4291613.48,2231618.78,22080170.77,88352266.42,52276006.15,8380776.81,4655658.45,6814803.63,242779583.8,249150977.5,71793229.47,94445470.28
10/1/2022,-30.95,-84.77,2538.12,7191.92,22.98,0.48,99.32,450.55,180.82,28.82,42.49,25.07,1306.7,2137.28,962.5,1762.41,3013965.91,6492515.8,490.63,509.34,56171.64,203185.11,109542.65,16995.59,26297.68,596.36,144.41,1087490.79,5782495.4,277976763.6,1160885014,3601749.8,88417.76,14746216.88,80562497.09,36966486.61,5773767.4,6695764.15,4693289.85,201489935.5,216151445.7,83809976.58,129221096
11/1/2022,-22.37,-108.83,2231.88,6473.14,30.85,2.02,72.36,400.13,135.69,21.49,42.81,17.72,1355.35,2072.07,1205.78,2231.07,2648951.99,5848674.84,779.65,2716.09,41456.97,183719.65,84175.37,12673.44,26479.79,547.59,107.97,487383.78,3012803.29,147961281.7,830779374.8,3854276.07,506619.55,6840522.25,57335374.48,26824278.92,4656698.56,5277851.83,2524897.57,181241436.1,132275816.5,69721503.51,89161636.45
12/1/2022,-19.73,-142.34,2665.46,6680.27,19.58,0.51,66.9,319.8,89.78,5.52,42.11,15.3,1068.63,2163.86,1462.42,2464.9,3157349.85,6022769,529.5,540.38,37982.66,150321.73,54939.24,3256.52,26195.38,559.3,76.44,-62048.27,121865.22,107018534.8,621672478.8,1926543.21,70985.97,3726050.32,38368035.94,13038232.07,811059.08,3654616.48,1660594.41,103084609.6,105365155.9,41878381.69,32277495.08
1/1/2023,-19.88,-99.67,2882.9,7410.62,7.05,2.81,69.74,483.35,112.07,8.92,43.81,14.48,1144.23,2049.46,1417.72,2340.07,3436439.11,6669791.49,294.67,3740.59,39341.67,217430.12,67862.75,5258.12,27080.71,585.82,90.33,338363.63,3986594.79,164942423.6,764437576.1,778596.55,341788.93,5185024.41,62417568.9,20595359.96,1738541.51,4389836.26,1664057.58,124668661.1,124525482,83455188.39,111648077.4
2/1/2023,-20.87,-89.46,2410.35,7303.37,2.9,4.47,72.98,416.43,90.81,7.92,42.33,16.86,903.62,2033.28,1346.77,2109.86,2855125.85,6570939.83,144.21,4775.74,41127.95,192162.16,57339.8,4669.35,26244.88,585.68,92.23,478451.87,2703183.14,160505183.7,695633643.4,313387.33,3909737.55,13475316.86,62813903.43,30466540.29,4894154.53,3803949.14,3199303.58,99280090.21,138017237.6,78006860.43,99200451.88
3/1/2023,-22.34,-81.6,2598.98,7951.56,0.38,2.73,76.73,764.2,160.51,9.89,45.97,17.02,1164.13,2010.2,1195.7,1955.55,3092562.58,7150999.47,26.16,2832.76,42884.32,331304.96,100317.14,5830.3,28517.21,602.55,113.73,760734.14,3995408.34,179191425.3,1021914397,54547.15,4643633.67,7867437.34,115590976.2,58696499.78,1532685.99,5719660.86,3225588.95,155895484.6,133441347,81578624.87,95349185.06
4/1/2023,-27.68,-121.43,2538.78,6867.43,-0.31,4.31,56.48,571.79,204.65,15.44,38.48,22.89,1193.08,1907.88,1073.28,1593.16,3018786.21,6154986.84,0.03,4664.49,31377.41,249355.98,127975.94,9105.71,23880.21,603.59,109.22,1188449.13,3262469.94,229379482.7,824498983.6,68.13,1131599.47,8287662.48,79270968.32,43104182.4,3143808.21,4384039.6,3679117.71,135267996.9,130742195.3,57430471.54,67966536.32
5/1/2023,-37.93,-111.55,2991.33,7532.61,0,5.48,70.09,862.54,349.75,37.78,35.72,31.15,1534.47,2256.63,963.61,1413.37,3568976.5,6748694.59,11.7,5752.16,39759.22,376805.92,213722.42,22280.85,22411.15,613.24,180.12,3204250.75,6617076.77,391752679.1,1478669769,257114.78,4127232.31,17473957.78,217499782.7,133362828.4,10301594.36,6013863.8,9817373.37,273548793.3,261206873.6,76052567.58,104573469.5
6/1/2023,-38.5,-81.69,2725.91,7706.79,19,5.59,79.24,631.38,196.1,24.79,40.12,31.26,1568.11,3072.36,769.36,1132.28,3250235.35,6890536.1,385.99,5671.43,44815.56,278290.62,125715.21,14619.71,25069.69,594.75,96.7,1346951.17,3079508.52,168966021.2,870478942.2,2093818.48,2329757.1,12570866.54,98201741.86,45314533.56,5437086.68,4100833.21,4443932.7,143008497.5,149339060.7,37329870.96,48839114.6
7/1/2023,-42.3,-86.79,2848.31,7844.61,6.96,0.64,65.15,628.71,193.15,27.04,37.75,34.78,1708.39,2871.38,911.63,1268.35,3382645.56,7010228.68,153.32,766.07,36920.29,277657.78,118503.26,15943.4,23481.27,593.21,79.21,1032899.81,1285962.14,179005274.1,712292028.5,727391.96,130213.74,9826270.56,76869300.55,31096015.72,4853312.86,2922449.66,4710384.92,118327495.1,114613792.2,26119690.97,26793590.32
8/1/2023,-48.61,-115.18,2983.65,7177.15,43.85,4.21,54.56,649.68,231.35,30.77,45.99,39.97,1617.46,2251.78,1160.48,1617.74,3536291.75,6436614.13,1222.24,4766.74,31186.89,280407.48,141220.1,18147.92,28648.15,590.51,92.58,1515349.31,-272246.33,213622771.2,662622288.4,3562349.52,4064892.84,11192831.96,118496854.6,78851420.65,11346793.1,3227993.1,9461078.93,147885038.6,115620042.8,25279030.33,22431255.07
9/1/2023,-51.51,-169.28,2403.91,6436.23,41.26,0.22,42.34,362.08,134.3,12.28,44.44,41.94,1207.19,2250.39,1303.45,2181.3,2839961.17,5766862.1,1137.49,329.66,24198.47,168988.82,84808.23,7242.23,27606.52,549.31,59.1,-699723.88,-2381199.88,87447422.4,457570201.7,2640919.58,53533.05,3074608.65,34951375.46,19930311.76,1857612.15,2295283.27,4334958.68,80550740.95,73496113.79,9982782.41,-29820988.02
10/1/2023,-44.53,-154.27,2453.42,6388.75,52.72,0.24,32.41,303.74,63.75,3.21,42.27,34.67,1131.05,2598.83,1334.62,2543.45,2910688.86,5714339.29,1559.17,265.51,18660.96,145128.67,41738.73,1893.6,26292.19,527.91,40.88,-918973.5,-3999959.55,64106915.84,322618323.5,2251256.9,14037.8,309574.31,20704377.43,5946212.34,449575.32,1547511.33,2493823.08,64886214.35,59989030.78,-2614783.47,-35544489.19
11/1/2023,-45.09,-102.67,2445.03,6509.79,42.33,2.76,40.04,482.65,164.42,10.36,33.44,35.23,1098.49,2033.37,1474.03,2368.56,2898684.76,5822880.98,1185.5,2588.66,23055.54,221497.83,98194.48,6110.02,21293.11,548.16,76.25,273888.03,555815.73,108221064.9,566590396.5,3567637.67,1090816.09,2458829.81,56213557.85,32315508.87,1684043.85,2412109.87,4213514.61,109343057.2,110278816.3,49678915.08,49278384.44
12/1/2023,-44.29,-105.24,2398.69,7382.28,23.82,2.27,49.96,459.7,144.04,8.09,42.82,34.11,1019.35,2310.81,1653.57,2636.27,2834822.74,6600105.38,826.69,2408.38,28352.97,212764.34,89229.65,4773.44,26530.41,543.94,77.38,16395.86,1033268.69,87266997.53,672374239.8,1902989.26,1672284.65,3235495.28,67178315.21,31238959.37,1025273.89,3874820.92,5066278.5,90396864.63,104384713.8,68991600.06,115238112.9
1/1/2024,-46.21,-102.16,2718.28,7903.75,14.77,12.99,43.65,451.7,164.74,16.45,44.39,35.08,912.02,2264.39,1678.3,2494.7,3237045.88,7083129,516.39,13561.83,25135.91,211102.5,104165.67,9698.84,27447.43,575.69,110.76,117349.62,4418585.31,85617210.09,1061737936,1419273.28,15783914.38,2073271.37,123800458.3,86640989.84,2011916.38,7284893.1,10215272.22,119832817.6,117423916.7,98662215.28,156913313.8
2/1/2024,-49.16,-111.21,2557.73,7595.48,18.4,10.28,71.76,473.96,213.27,20.16,41.02,37.99,1016.95,2010.15,1575.75,2401.27,3025018.39,6798202.39,692.06,10715.04,40755.94,224146.57,131571.42,11888.79,25560.84,574.18,129.93,712865.98,4602219.1,176093105,988366921,2665975.83,9416154.92,16066881.25,102629318,121832681.8,5952469.87,4852772.53,12939154.61,225276589.6,166503574.7,114194407.5,315559246.1
3/1/2024,-53.33,-121.47,2751.05,7678.41,18.09,0.49,62.66,404.56,178.54,23.19,35.7,42.02,1006.46,2215.47,1473.2,2254.3,3264214.44,6869571.49,694.13,617.54,35785.99,180454.78,117938.82,13675.24,22564.76,584.64,74.73,867798.83,3392763.29,164522521.1,603823621.5,1466734.63,347668.52,8392083.72,45763356.17,24111661.19,3953813.2,2681993.87,5908522.86,92656804.37,134852615.3,60634263.35,122951845.5
4/1/2024,-60.02,-123.78,2591.34,7251.02,23.28,1.62,68.28,433.65,196.95,32.26,37.99,48.36,1110.39,1827.56,1204.09,1770.64,3088400.73,6493304.68,799.18,1623.22,38727.96,196055.25,120667.07,19020.92,24183.56,608.2,93.54,2116420.8,2387239.29,227119048.4,698060493.5,2212505.6,327355.5,8864450.08,55974799.39,30497478.51,5124081.07,3253013.61,7665589.58,111618169.2,138850627.2,46959163.96,61698562.09
5/1/2024,-70.23,-158.87,2950.53,8011.82,19.64,4.32,146.49,488.58,520.91,47.78,50.83,56.19,1162.38,2011.11,1003.76,1482.2,3482873.94,7149346.5,570.26,4202.12,81466.86,220489.05,317921.49,28175.81,31573.95,638.37,189.48,5627480.29,5678862.57,409026098.9,1462217193,5281285.7,4612151.48,28123881.67,105826509.9,195538623,9648000.59,4707253.5,19087031.32,389755982.7,259089285.6,77717096.45,95009230.11
6/1/2024,-69.88,-162.12,3077.78,8449.64,28.91,11.44,193.38,801.05,630.95,47.63,45.32,56.77,1236.39,1964.64,887.35,1247.77,3640433.03,7565904,839.41,11875.27,108737.54,371333.06,392718.52,28088.34,27940.91,658.53,163.34,7293062.44,6036348.78,516952605,1260707551,4389865.39,4084737.73,46460297.66,162570384.4,159903421.9,11559068.36,5718387.05,13638572.55,266588705.5,235554362.6,67142899.62,91843153.2
7/1/2024,-80.83,-162.85,3107.36,8302.39,36.05,2.54,236.92,759.73,471.58,42.11,34.38,65.5,1263.86,2923.71,971.02,1453.63,3691291.19,7433656.67,985.44,2798.87,132682.06,362780.54,290197.89,24834.07,21063.7,615.65,157.1,6375895.41,5389149.49,475569932.7,1130590563,4656971.86,6369032.01,72454753.07,188081759.2,170130273.1,15356576.24,4224191,22516768.12,288566783.9,319916391.1,56552121.36,79662214.58
8/1/2024,-81.93,-188.24,2594.17,7358.7,37.01,1.94,113.08,637.41,392.52,33.65,38.56,64.63,1115.19,2934.99,1118.3,1836.45,3099949.23,6568665.47,1185.1,1945.01,64659.88,305545.25,239573.7,19842.02,23783.02,573.41,184.28,3764909.32,2804532.32,433719837.8,1343521104,6345649.51,3772003.89,24722918.29,166535850.4,215826186.2,12607982.46,4805341.3,37244198.48,335279682.5,198182416.5,56684183.36,48006706.8
9/1/2024,-65.9,-206.44,2473.5,6178.95,54.44,1.31,60.65,287.41,150.31,9.31,28.15,51.16,1160.57,3070.77,1137.29,2301.78,2943033.65,5497681.49,1546.57,1429.07,34875.17,141662.66,97723.18,5489.37,17495.84,523.62,56.45,-514366.3,-4708259.99,70833299.58,420587361,3106333.47,1807011.87,4105771.32,32095164.76,39090903.78,1485750.58,1346962.37,9244682.19,72184488.21,77582775.21,-5622481.34,-40262004.09
10/1/2024,-91.99,-160.83,2143.2,6327.28,52.97,4.79,51.23,259.61,110.21,15.62,28.13,68.95,1260.72,2514.46,1449.5,2842.14,2550214.97,5619293.42,1512.43,3417.05,29496.45,131822.49,72786.49,9211.27,17308.7,499.83,70.82,-275589.7,-2659431.28,77103864.85,564100117.9,4191556.3,1005012.93,1987364.15,32443153.03,20070155.3,2642603.47,2034946.45,7549006.27,112683699.6,103313888.2,21603812.73,15513057.25
11/1/2024,-85.85,-189.98,2245.36,6486.39,50.55,8.71,88.61,449.5,282.53,31.29,31.11,65.6,1285.26,2201.35,1568.18,2796.28,2665697.84,5792207.68,1430.21,8729.67,50718.58,213749.57,174796.99,18449.95,19214.13,516.61,189.18,3017194.6,7764664.11,176613156.8,1432842277,9684284.86,16505489.4,9603942.46,117991771.2,158710855.6,4568951.44,5904747.6,23803674.95,332710508.6,246723890.4,143418150.1,209210937.5
12/1/2024,-87.81,-226.17,2239.93,7265.45,33.66,13.21,99.6,453.65,272.49,24.75,35.27,66.78,1012.5,2260.11,1866.36,3347.46,2658722.2,6497830.74,1036.96,13592.63,56926.72,215092.65,166744.14,14593.46,21654.8,516.47,133.13,1579341.69,6103178.96,149614884.4,1112596714,5819337.37,8429025.34,12552364.94,98360345.4,90715063.16,4271688.83,4837699.75,16604209.54,185353455.2,170774925.5,127994355.9,167060549
1/1/2025,-92.03,-166.66,2466.26,7455,25.13,4.32,69.97,401.83,132.1,30.23,28.63,70.29,866.31,2485.49,1919.27,3119.75,2919033.15,6669117.58,797.12,4553.36,39945.32,189013.81,81687.36,17826.55,17685.11,528.26,102.46,448272.73,1642588.56,149500107.1,855471444.3,2284349.41,7873147.14,6519751.33,80249891.18,52106651.54,4263586.77,3837524.79,15230681.99,124694003.4,168061026.2,84313607.74,85744823.53
2/1/2025,-88.86,-156.56,2231.94,6877.7,15.12,2.06,77.75,408.03,191.31,23.64,37,66.94,871.9,2442.91,1704.69,2722.83,2647711.79,6144608.51,586.32,2292.08,44165.33,196409,115150.32,13937.7,22823.72,527.17,97.16,1457935.97,1135272.22,188284580.3,643151294,1572554.45,1507854.51,19811907.78,57047931.72,47552967.24,7910489.39,2846856.86,16412948.16,130838268.9,184441748.9,77078523.59,97816255.22
3/1/2025,-100.27,-147.8,2709.49,7849.03,15.58,0.18,67.64,374.84,132.22,23.6,34.53,73.89,957.87,2667.76,1529.92,2329.38,3222173.6,7012554.19,580.08,227.69,38684.26,181152.32,80056.1,13915.23,21446.52,570.84,87.96,2642117.95,2731393.84,196156513.3,738937067.6,1733878.2,57821.55,7184932.76,45663589.8,25861817.47,3432049.4,2744923.91,11332571.88,126335511.4,167910288.6,55770430.88,62589212.43
4/1/2025,-123.31,-141.86,2743.39,6589.65,0.92,0.37,79.93,429.73,166.63,42.57,30.13,95.02,1026.02,2077.46,1402.36,2037.75,3267133.5,5922641.47,268.06,305.3,45839.11,193156.6,106601.83,25103.49,18530.35,582.11,104.78,3585694.82,985608.95,231918145.3,753886127.5,676342.51,121528.99,11141793.22,62957122.69,39532058.55,6407228.5,2929786.28,17520881.8,146753516.7,156792091.8,48634002.62,47445637.6
5/1/2025,-138.7,-152.61,2821.46,7317.8,2.2,3.13,83.24,487.29,341.33,39.3,27.96,109.61,1251.3,2616.28,1199.8,1660.9,3341623.16,6575370.39,351.69,2616.82,47196.02,211605.8,201550.66,23172.43,17071.54,589.72,110.96,7022817.85,4032936.83,252381258.4,874871857.3,1279625.03,537316.65,11644287.83,72000391.26,70127097.14,6238937.67,2642590.65,21504811.28,208359441.5,166972930.5,58595135.81,62562197.51
6/1/2025,-174.93,-159.98,2705.38,8060.43,23.26,1.62,229.11,590.53,642.8,66.52,23.66,143.58,1375.82,2933.23,1027.94,1445.95,3183490.77,7225772.67,924.3,1770.98,127597.25,246059.93,406581.68,39224.95,14455.78,593.92,274.69,16182507.91,7004686.18,716917648.6,1937622129,8518882.61,712782.45,116087426.4,249229661.9,478213655.3,30822749.44,4269713.4,105329400.1,605908380.3,327932714.5,69984297.03,97116743.49
7/1/2025,-174.49,-155.76,3023.9,8115.8,44.72,3.31,114.1,564.72,351.63,45.47,26.54,144.08,1157.41,3742.91,1135.6,1599.44,3592268.44,7280683.43,1482.6,4284.64,64029.41,244494.82,217522.26,26813.95,16236.93,579.95,104.99,9338616.87,2601830.06,274789989.1,813928658.8,4906140.87,4262085.17,32477292.06,111760204.3,98963675.58,16594262.47,2217423.44,28576242.5,156425701.1,256495584.9,46246437.76,50978153.65
8/1/2025,-191.92,-163.95,2767.59,7615.22,41.11,0.62,109.35,704.33,329.71,43.29,20.98,155.42,1140.09,3192.02,1295.99,2042.09,3298720.63,6811171.91,1317.06,669.45,61839.27,325413.93,200866.59,25530.81,12626.57,562.15,104.8,8042902.53,889220.15,282994815.3,788422493.6,4457679.37,162518.86,19118828.3,98030367.64,60038196.49,7424409.92,1658067.23,27108831.28,170368674.4,239185814.4,43625626.96,47743597.46
,,,,,,,,,,,,,,,,,,,,,,,,,,,,,,,,,,,,,,,,,,,
,,,,,,,,,,,,,,,,,,,,,,,,,,,,,,,,,,,,,,,,,,,
,,,,,,,,,,,,,,,,,,,,,,,,,,,,,,,,,,,,,,,,,,,
,,,,,,,,,,,,,,,,,,,,,,,,,,,,,,,,,,,,,,,,,,,
,,,,,,,,,,,,,,,,,,,,,,,,,,,,,,,,,,,,,,,,,,,
,,,,,,,,,,,,,,,,,,,,,,,,,,,,,,,,,,,,,,,,,,,
,,,,,,,,,,,,,,,,,,,,,,,,,,,,,,,,,,,,,,,,,,,
,,,,,,,,,,,,,,,,,,,,,,,,,,,,,,,,,,,,,,,,,,,
,,,,,,,,,,,,,,,,,,,,,,,,,,,,,,,,,,,,,,,,,,,
,,,,,,,,,,,,,,,,,,,,,,,,,,,,,,,,,,,,,,,,,,,
,,,,,,,,,,,,,,,,,,,,,,,,,,,,,,,,,,,,,,,,,,,
,,,,,,,,,,,,,,,,,,,,,,,,,,,,,,,,,,,,,,,,,,,
,,,,,,,,,,,,,,,,,,,,,,,,,,,,,,,,,,,,,,,,,,,
,,,,,,,,,,,,,,,,,,,,,,,,,,,,,,,,,,,,,,,,,,,
,,,,,,,,,,,,,,,,,,,,,,,,,,,,,,,,,,,,,,,,,,,
,,,,,,,,,,,,,,,,,,,,,,,,,,,,,,,,,,,,,,,,,,,
,,,,,,,,,,,,,,,,,,,,,,,,,,,,,,,,,,,,,,,,,,,
,,,,,,,,,,,,,,,,,,,,,,,,,,,,,,,,,,,,,,,,,,,
,,,,,,,,,,,,,,,,,,,,,,,,,,,,,,,,,,,,,,,,,,,
,,,,,,,,,,,,,,,,,,,,,,,,,,,,,,,,,,,,,,,,,,,
,,,,,,,,,,,,,,,,,,,,,,,,,,,,,,,,,,,,,,,,,,,
,,,,,,,,,,,,,,,,,,,,,,,,,,,,,,,,,,,,,,,,,,,
,,,,,,,,,,,,,,,,,,,,,,,,,,,,,,,,,,,,,,,,,,,
,,,,,,,,,,,,,,,,,,,,,,,,,,,,,,,,,,,,,,,,,,,
,,,,,,,,,,,,,,,,,,,,,,,,,,,,,,,,,,,,,,,,,,,
,,,,,,,,,,,,,,,,,,,,,,,,,,,,,,,,,,,,,,,,,,,
,,,,,,,,,,,,,,,,,,,,,,,,,,,,,,,,,,,,,,,,,,,
,,,,,,,,,,,,,,,,,,,,,,,,,,,,,,,,,,,,,,,,,,,
,,,,,,,,,,,,,,,,,,,,,,,,,,,,,,,,,,,,,,,,,,,
,,,,,,,,,,,,,,,,,,,,,,,,,,,,,,,,,,,,,,,,,,,
,,,,,,,,,,,,,,,,,,,,,,,,,,,,,,,,,,,,,,,,,,,
,,,,,,,,,,,,,,,,,,,,,,,,,,,,,,,,,,,,,,,,,,,
,,,,,,,,,,,,,,,,,,,,,,,,,,,,,,,,,,,,,,,,,,,
,,,,,,,,,,,,,,,,,,,,,,,,,,,,,,,,,,,,,,,,,,,
,,,,,,,,,,,,,,,,,,,,,,,,,,,,,,,,,,,,,,,,,,,
,,,,,,,,,,,,,,,,,,,,,,,,,,,,,,,,,,,,,,,,,,,
,,,,,,,,,,,,,,,,,,,,,,,,,,,,,,,,,,,,,,,,,,,
,,,,,,,,,,,,,,,,,,,,,,,,,,,,,,,,,,,,,,,,,,,
,,,,,,,,,,,,,,,,,,,,,,,,,,,,,,,,,,,,,,,,,,,
,,,,,,,,,,,,,,,,,,,,,,,,,,,,,,,,,,,,,,,,,,,
,,,,,,,,,,,,,,,,,,,,,,,,,,,,,,,,,,,,,,,,,,,
,,,,,,,,,,,,,,,,,,,,,,,,,,,,,,,,,,,,,,,,,,,
,,,,,,,,,,,,,,,,,,,,,,,,,,,,,,,,,,,,,,,,,,,
,,,,,,,,,,,,,,,,,,,,,,,,,,,,,,,,,,,,,,,,,,,
,,,,,,,,,,,,,,,,,,,,,,,,,,,,,,,,,,,,,,,,,,,
,,,,,,,,,,,,,,,,,,,,,,,,,,,,,,,,,,,,,,,,,,,
,,,,,,,,,,,,,,,,,,,,,,,,,,,,,,,,,,,,,,,,,,,
,,,,,,,,,,,,,,,,,,,,,,,,,,,,,,,,,,,,,,,,,,,
,,,,,,,,,,,,,,,,,,,,,,,,,,,,,,,,,,,,,,,,,,,
,,,,,,,,,,,,,,,,,,,,,,,,,,,,,,,,,,,,,,,,,,,
,,,,,,,,,,,,,,,,,,,,,,,,,,,,,,,,,,,,,,,,,,,
,,,,,,,,,,,,,,,,,,,,,,,,,,,,,,,,,,,,,,,,,,,
,,,,,,,,,,,,,,,,,,,,,,,,,,,,,,,,,,,,,,,,,,,
,,,,,,,,,,,,,,,,,,,,,,,,,,,,,,,,,,,,,,,,,,,
,,,,,,,,,,,,,,,,,,,,,,,,,,,,,,,,,,,,,,,,,,,
,,,,,,,,,,,,,,,,,,,,,,,,,,,,,,,,,,,,,,,,,,,
,,,,,,,,,,,,,,,,,,,,,,,,,,,,,,,,,,,,,,,,,,,
,,,,,,,,,,,,,,,,,,,,,,,,,,,,,,,,,,,,,,,,,,,
,,,,,,,,,,,,,,,,,,,,,,,,,,,,,,,,,,,,,,,,,,,
,,,,,,,,,,,,,,,,,,,,,,,,,,,,,,,,,,,,,,,,,,,
,,,,,,,,,,,,,,,,,,,,,,,,,,,,,,,,,,,,,,,,,,,
,,,,,,,,,,,,,,,,,,,,,,,,,,,,,,,,,,,,,,,,,,,
,,,,,,,,,,,,,,,,,,,,,,,,,,,,,,,,,,,,,,,,,,,
,,,,,,,,,,,,,,,,,,,,,,,,,,,,,,,,,,,,,,,,,,,
,,,,,,,,,,,,,,,,,,,,,,,,,,,,,,,,,,,,,,,,,,,
,,,,,,,,,,,,,,,,,,,,,,,,,,,,,,,,,,,,,,,,,,,
,,,,,,,,,,,,,,,,,,,,,,,,,,,,,,,,,,,,,,,,,,,
,,,,,,,,,,,,,,,,,,,,,,,,,,,,,,,,,,,,,,,,,,,
,,,,,,,,,,,,,,,,,,,,,,,,,,,,,,,,,,,,,,,,,,,
,,,,,,,,,,,,,,,,,,,,,,,,,,,,,,,,,,,,,,,,,,,
,,,,,,,,,,,,,,,,,,,,,,,,,,,,,,,,,,,,,,,,,,,
,,,,,,,,,,,,,,,,,,,,,,,,,,,,,,,,,,,,,,,,,,,
,,,,,,,,,,,,,,,,,,,,,,,,,,,,,,,,,,,,,,,,,,,
,,,,,,,,,,,,,,,,,,,,,,,,,,,,,,,,,,,,,,,,,,,
,,,,,,,,,,,,,,,,,,,,,,,,,,,,,,,,,,,,,,,,,,,
,,,,,,,,,,,,,,,,,,,,,,,,,,,,,,,,,,,,,,,,,,,
,,,,,,,,,,,,,,,,,,,,,,,,,,,,,,,,,,,,,,,,,,,
,,,,,,,,,,,,,,,,,,,,,,,,,,,,,,,,,,,,,,,,,,,
,,,,,,,,,,,,,,,,,,,,,,,,,,,,,,,,,,,,,,,,,,,
,,,,,,,,,,,,,,,,,,,,,,,,,,,,,,,,,,,,,,,,,,,
,,,,,,,,,,,,,,,,,,,,,,,,,,,,,,,,,,,,,,,,,,,
,,,,,,,,,,,,,,,,,,,,,,,,,,,,,,,,,,,,,,,,,,,
,,,,,,,,,,,,,,,,,,,,,,,,,,,,,,,,,,,,,,,,,,,
,,,,,,,,,,,,,,,,,,,,,,,,,,,,,,,,,,,,,,,,,,,
,,,,,,,,,,,,,,,,,,,,,,,,,,,,,,,,,,,,,,,,,,,
,,,,,,,,,,,,,,,,,,,,,,,,,,,,,,,,,,,,,,,,,,,
,,,,,,,,,,,,,,,,,,,,,,,,,,,,,,,,,,,,,,,,,,,
,,,,,,,,,,,,,,,,,,,,,,,,,,,,,,,,,,,,,,,,,,,
,,,,,,,,,,,,,,,,,,,,,,,,,,,,,,,,,,,,,,,,,,,
,,,,,,,,,,,,,,,,,,,,,,,,,,,,,,,,,,,,,,,,,,,
,,,,,,,,,,,,,,,,,,,,,,,,,,,,,,,,,,,,,,,,,,,
,,,,,,,,,,,,,,,,,,,,,,,,,,,,,,,,,,,,,,,,,,,
,,,,,,,,,,,,,,,,,,,,,,,,,,,,,,,,,,,,,,,,,,,
,,,,,,,,,,,,,,,,,,,,,,,,,,,,,,,,,,,,,,,,,,,
,,,,,,,,,,,,,,,,,,,,,,,,,,,,,,,,,,,,,,,,,,,
,,,,,,,,,,,,,,,,,,,,,,,,,,,,,,,,,,,,,,,,,,,
,,,,,,,,,,,,,,,,,,,,,,,,,,,,,,,,,,,,,,,,,,,
,,,,,,,,,,,,,,,,,,,,,,,,,,,,,,,,,,,,,,,,,,,
,,,,,,,,,,,,,,,,,,,,,,,,,,,,,,,,,,,,,,,,,,,
,,,,,,,,,,,,,,,,,,,,,,,,,,,,,,,,,,,,,,,,,,,
,,,,,,,,,,,,,,,,,,,,,,,,,,,,,,,,,,,,,,,,,,,
,,,,,,,,,,,,,,,,,,,,,,,,,,,,,,,,,,,,,,,,,,,
,,,,,,,,,,,,,,,,,,,,,,,,,,,,,,,,,,,,,,,,,,,
,,,,,,,,,,,,,,,,,,,,,,,,,,,,,,,,,,,,,,,,,,,
,,,,,,,,,,,,,,,,,,,,,,,,,,,,,,,,,,,,,,,,,,,
,,,,,,,,,,,,,,,,,,,,,,,,,,,,,,,,,,,,,,,,,,,
,,,,,,,,,,,,,,,,,,,,,,,,,,,,,,,,,,,,,,,,,,,
,,,,,,,,,,,,,,,,,,,,,,,,,,,,,,,,,,,,,,,,,,,
,,,,,,,,,,,,,,,,,,,,,,,,,,,,,,,,,,,,,,,,,,,
,,,,,,,,,,,,,,,,,,,,,,,,,,,,,,,,,,,,,,,,,,,
,,,,,,,,,,,,,,,,,,,,,,,,,,,,,,,,,,,,,,,,,,,
,,,,,,,,,,,,,,,,,,,,,,,,,,,,,,,,,,,,,,,,,,,
,,,,,,,,,,,,,,,,,,,,,,,,,,,,,,,,,,,,,,,,,,,
,,,,,,,,,,,,,,,,,,,,,,,,,,,,,,,,,,,,,,,,,,,
,,,,,,,,,,,,,,,,,,,,,,,,,,,,,,,,,,,,,,,,,,,
,,,,,,,,,,,,,,,,,,,,,,,,,,,,,,,,,,,,,,,,,,,
,,,,,,,,,,,,,,,,,,,,,,,,,,,,,,,,,,,,,,,,,,,
,,,,,,,,,,,,,,,,,,,,,,,,,,,,,,,,,,,,,,,,,,,
,,,,,,,,,,,,,,,,,,,,,,,,,,,,,,,,,,,,,,,,,,,
,,,,,,,,,,,,,,,,,,,,,,,,,,,,,,,,,,,,,,,,,,,
,,,,,,,,,,,,,,,,,,,,,,,,,,,,,,,,,,,,,,,,,,,
,,,,,,,,,,,,,,,,,,,,,,,,,,,,,,,,,,,,,,,,,,,
,,,,,,,,,,,,,,,,,,,,,,,,,,,,,,,,,,,,,,,,,,,
,,,,,,,,,,,,,,,,,,,,,,,,,,,,,,,,,,,,,,,,,,,
,,,,,,,,,,,,,,,,,,,,,,,,,,,,,,,,,,,,,,,,,,,
,,,,,,,,,,,,,,,,,,,,,,,,,,,,,,,,,,,,,,,,,,,
,,,,,,,,,,,,,,,,,,,,,,,,,,,,,,,,,,,,,,,,,,,
,,,,,,,,,,,,,,,,,,,,,,,,,,,,,,,,,,,,,,,,,,,
,,,,,,,,,,,,,,,,,,,,,,,,,,,,,,,,,,,,,,,,,,,
,,,,,,,,,,,,,,,,,,,,,,,,,,,,,,,,,,,,,,,,,,,
,,,,,,,,,,,,,,,,,,,,,,,,,,,,,,,,,,,,,,,,,,,
,,,,,,,,,,,,,,,,,,,,,,,,,,,,,,,,,,,,,,,,,,,
,,,,,,,,,,,,,,,,,,,,,,,,,,,,,,,,,,,,,,,,,,,
,,,,,,,,,,,,,,,,,,,,,,,,,,,,,,,,,,,,,,,,,,,
,,,,,,,,,,,,,,,,,,,,,,,,,,,,,,,,,,,,,,,,,,,
,,,,,,,,,,,,,,,,,,,,,,,,,,,,,,,,,,,,,,,,,,,
,,,,,,,,,,,,,,,,,,,,,,,,,,,,,,,,,,,,,,,,,,,
